num_nodes,epoch_time_sec,throughput_samples_per_sec,speedup,efficiency,ideal_speedup,train_loss,val_loss,val_mae,val_rmse,gpu_util_avg,data_load_time_sec,compute_time_sec
1,120.0,41.666666666666664,1.0,1.0,1.0,0.1,0.12,3.5,5.2,85.0,5.0,110.0
2,65.21739130434783,76.66666666666667,1.8399999999999999,0.9199999999999999,2.0,0.09306852819440055,0.11306852819440054,3.361370563888011,4.992055845832017,82.0,6.386294361119891,53.83109694322794
4,38.5263417440618,129.78133333333335,3.114752,0.778688,4.0,0.08613705638880109,0.10613705638880108,3.222741127776022,4.784111691664033,79.0,7.772588722239782,25.75375302182202
8,26.88911246703331,185.94886707882674,4.462772809891842,0.5578466012364802,8.0,0.07920558458320165,0.09920558458320164,3.0841116916640328,4.576167537496049,76.0,9.158883083359672,12.730229383673638
