num_nodes,epoch_time_sec,throughput_samples_per_sec,time_ratio,efficiency,samples_per_node,total_samples,train_loss,val_loss,gpu_util_avg
1,120.0,41.666666666666664,1.0,1.0,5000.0,5000,0.102,0.122,87
2,126.0,79.36507936507937,1.05,0.9523809523809523,5000.0,10000,0.1,0.119,85
4,132.0,151.5151515151515,1.1,0.9090909090909091,5000.0,20000,0.098,0.117,83
8,138.0,289.8550724637681,1.15,0.8695652173913043,5000.0,40000,0.097,0.116,81
